{"char2idx": {"<PAD>": 0, "<SOS>": 1, "<END>": 2, "<UNK>": 3, "\uac14\uc5b4": 4, "\uad50\ud68c": 5, "\ube68\ub9ac": 6, "\uc9c8\ub9b0\ub2e4": 7, "\ud544\uc694\ud588\ub358": 8, "\ub098": 9, "\ub530\ub77c": 10, "\ub3cc\uc544\uac00\uc11c": 11, "\uc624\ub298": 12, "\ub9c8\uc138\uc694": 13, "\uc9d1\uc5d0": 14, "\ube44\uc2fc\ub370": 15, "\ub3c8\uc740": 16, "\uad81\uae08\ud574": 17, "\uc808\uc57d\ud574\ubd10\uc694": 18, "\ubb50\uac00": 19, "\ubb58": 20, "\uac00\ub9cc": 21, "\ub9c8\uc74c\uc744": 22, "\ub9dd\ud568": 23, "\uac70\uc608\uc694": 24, "\uc2b9\uc9c4": 25, "\uc790\uc758": 26, "\ucf1c\uace0": 27, "\uc0dd\uc77c\uc778\ub370": 28, "\uc801\ub2f9\ud788": 29, "\ucac4\ub531": 30, "\ub098\uc628\uac70": 31, "\uac00\uc0c1\ud654\ud3d0": 32, "\ubbff\uc5b4\uc918": 33, "\uc798\uc0dd\uacbc\uc5b4": 34, "\ub540\ub09c\ub2e4": 35, "\ud574": 36, "\uac00\ub054": 37, "\uc2f6\uc5b4": 38, "\uac70\uc9d3\ub9d0": 39, "\uc548": 40, "\ub108\ubb34": 41, "\uac00\ub054\uc740": 42, "\ub2e4\uc2dc": 43, "\ub9ce\uc774": 44, "\ud544\uc694\ud55c": 45, "\ub530\ub73b\ud558\uac8c": 46, "\uc5f4": 47, "\uc2dd\ud600\uc8fc\uc138\uc694": 48, "\ucf1c\ub193\uace0": 49, "\ub540\uc744": 50, "\ud558\uc138\uc694": 51, "\uacb0\ub2e8\uc740": 52, "\uc88b\uc744\uae4c": 53, "\ubc14\ube60": 54, "\ud574\ubcf4\uc138\uc694": 55, "\ub0a8\uc790\uce5c\uad6c": 56, "\ub54c\uae4c\uc9c0": 57, "\ub0a8\uc790\uce5c\uad6c\uac00": 58, "\uc88b\uc744": 59, "\uac78\ub9ac\uaca0\uc5b4": 60, "\uc120\ubb3c\ub85c": 61, "\uc124\ub4dd\ud574\ubcf4\uc138\uc694": 62, "\uc88b\uc544\uc694": 63, "\ub354": 64, "\ud63c\uc790\uc778\uac8c": 65, "\uc6b4\ub3d9": 66, "\uadf8": 67, "\uc880": 68, "\uc0dd\uac01\ud574\ubcf4\uc138\uc694": 69, "\ud63c\uc790\ub97c": 70, "\uac8c": 71, "\uc88b\ub2e4": 72, "\uac19\uc544": 73, "\ub610": 74, "\uac00\uc2a4\ube44": 75, "\uac00\uc2a4\ubd88": 76, "\ub098\uc654\ub2e4": 77, "\uadf8\ub7f4": 78, "\ub098\uc624\uc138\uc694": 79, "\uc78a\uace0": 80, "\uc788\uc5b4\ub3c4": 81, "\uac83": 82, "\uc9d1\ucc29\ud558\uc9c0": 83, "\uc0ac\uc138\uc694": 84, "\uad6c\ud558\uc168\ub098\uc694": 85, "\ub370\ub824\uac00\uace0": 86, "\uac00\ub09c\ud55c": 87, "\uac10\uae30": 88, "\uc804\uc0dd\uc5d0": 89, "\uc904\uae4c": 90, "\ubb50\ud558\ub294\uc9c0": 91, "\ud568\uaed8": 92, "\ub2e4\uc74c": 93, "\uc6b4\ub3d9\ub9cc": 94, "\ub2ec\uc5d0\ub294": 95, "\ub098\ub77c\ub97c": 96, "\ud3c9\uc18c\uc5d0": 97, "\uc990\uae30\uc138\uc694": 98, "\uac19\uc544\uc694": 99, "\ub044\uace0": 100, "\uc0ac\ub78c\ub3c4": 101, "\uc124\uc6c0": 102, "\ube60\ub97c\uc218\ub85d": 103, "\ub098\uac14\uc5b4": 104, "\ubcf4\uc778\ub2e4": 105, "\ub4e4\uc5b4\uc62c": 106, "\uc6b4\ub3d9\uc744": 107, "\uc0c8\ucd9c\ubc1c": 108, "\uc5b4\uc11c": 109, "\ud6c8\ud6c8\ud574": 110}, "idx2char": {"0": "<PAD>", "1": "<SOS>", "2": "<END>", "3": "<UNK>", "4": "\uac14\uc5b4", "5": "\uad50\ud68c", "6": "\ube68\ub9ac", "7": "\uc9c8\ub9b0\ub2e4", "8": "\ud544\uc694\ud588\ub358", "9": "\ub098", "10": "\ub530\ub77c", "11": "\ub3cc\uc544\uac00\uc11c", "12": "\uc624\ub298", "13": "\ub9c8\uc138\uc694", "14": "\uc9d1\uc5d0", "15": "\ube44\uc2fc\ub370", "16": "\ub3c8\uc740", "17": "\uad81\uae08\ud574", "18": "\uc808\uc57d\ud574\ubd10\uc694", "19": "\ubb50\uac00", "20": "\ubb58", "21": "\uac00\ub9cc", "22": "\ub9c8\uc74c\uc744", "23": "\ub9dd\ud568", "24": "\uac70\uc608\uc694", "25": "\uc2b9\uc9c4", "26": "\uc790\uc758", "27": "\ucf1c\uace0", "28": "\uc0dd\uc77c\uc778\ub370", "29": "\uc801\ub2f9\ud788", "30": "\ucac4\ub531", "31": "\ub098\uc628\uac70", "32": "\uac00\uc0c1\ud654\ud3d0", "33": "\ubbff\uc5b4\uc918", "34": "\uc798\uc0dd\uacbc\uc5b4", "35": "\ub540\ub09c\ub2e4", "36": "\ud574", "37": "\uac00\ub054", "38": "\uc2f6\uc5b4", "39": "\uac70\uc9d3\ub9d0", "40": "\uc548", "41": "\ub108\ubb34", "42": "\uac00\ub054\uc740", "43": "\ub2e4\uc2dc", "44": "\ub9ce\uc774", "45": "\ud544\uc694\ud55c", "46": "\ub530\ub73b\ud558\uac8c", "47": "\uc5f4", "48": "\uc2dd\ud600\uc8fc\uc138\uc694", "49": "\ucf1c\ub193\uace0", "50": "\ub540\uc744", "51": "\ud558\uc138\uc694", "52": "\uacb0\ub2e8\uc740", "53": "\uc88b\uc744\uae4c", "54": "\ubc14\ube60", "55": "\ud574\ubcf4\uc138\uc694", "56": "\ub0a8\uc790\uce5c\uad6c", "57": "\ub54c\uae4c\uc9c0", "58": "\ub0a8\uc790\uce5c\uad6c\uac00", "59": "\uc88b\uc744", "60": "\uac78\ub9ac\uaca0\uc5b4", "61": "\uc120\ubb3c\ub85c", "62": "\uc124\ub4dd\ud574\ubcf4\uc138\uc694", "63": "\uc88b\uc544\uc694", "64": "\ub354", "65": "\ud63c\uc790\uc778\uac8c", "66": "\uc6b4\ub3d9", "67": "\uadf8", "68": "\uc880", "69": "\uc0dd\uac01\ud574\ubcf4\uc138\uc694", "70": "\ud63c\uc790\ub97c", "71": "\uac8c", "72": "\uc88b\ub2e4", "73": "\uac19\uc544", "74": "\ub610", "75": "\uac00\uc2a4\ube44", "76": "\uac00\uc2a4\ubd88", "77": "\ub098\uc654\ub2e4", "78": "\uadf8\ub7f4", "79": "\ub098\uc624\uc138\uc694", "80": "\uc78a\uace0", "81": "\uc788\uc5b4\ub3c4", "82": "\uac83", "83": "\uc9d1\ucc29\ud558\uc9c0", "84": "\uc0ac\uc138\uc694", "85": "\uad6c\ud558\uc168\ub098\uc694", "86": "\ub370\ub824\uac00\uace0", "87": "\uac00\ub09c\ud55c", "88": "\uac10\uae30", "89": "\uc804\uc0dd\uc5d0", "90": "\uc904\uae4c", "91": "\ubb50\ud558\ub294\uc9c0", "92": "\ud568\uaed8", "93": "\ub2e4\uc74c", "94": "\uc6b4\ub3d9\ub9cc", "95": "\ub2ec\uc5d0\ub294", "96": "\ub098\ub77c\ub97c", "97": "\ud3c9\uc18c\uc5d0", "98": "\uc990\uae30\uc138\uc694", "99": "\uac19\uc544\uc694", "100": "\ub044\uace0", "101": "\uc0ac\ub78c\ub3c4", "102": "\uc124\uc6c0", "103": "\ube60\ub97c\uc218\ub85d", "104": "\ub098\uac14\uc5b4", "105": "\ubcf4\uc778\ub2e4", "106": "\ub4e4\uc5b4\uc62c", "107": "\uc6b4\ub3d9\uc744", "108": "\uc0c8\ucd9c\ubc1c", "109": "\uc5b4\uc11c", "110": "\ud6c8\ud6c8\ud574"}, "vocab_size": 111, "pad_symbol": "<PAD>", "std_symbol": "<SOS>", "end_symbol": "<END>", "unk_symbol": "<UNK>"}